"type","value","source"
"hash_sha256","13c017cb706ef869c061078048e550dba1613c0f2e8f2e409d97a1c0d9949346","public"
"hash_sha256","267071df79927abd1e57f57106924dd8a68e1c4ed74e7b69403cdcdf6e6a453b","public"
"hash_sha256","ad4d196b3d85d982343f32d52bffc6ebfeec7bf30553fa441fd7c3ae495075fc","public"
"hash_sha256","b376a3a6bae73840e70b2fa3df99d881def9250b42b6b8b0458d0445ddfbc044","public"
"hash_sha256","d6ac21a409f35a80ba9ccfe58ae1ae32883e44ecc724e4ae8289e7465ab2cf40","public"
"domain","buy-new-car.com","public"
"domain","caduff-sa.ch","public"
"domain","carleasingguru.com","public"
"domain","hanagram.jp","public"
"domain","jeepcarlease.com","public"
"domain","thefinetreats.com","public"
"ip","91.193.18.120","public"
